,Item,No,Names,Year,Comment,Country
0,1,1,Abdool Satar.,1870,"Overseer, 3rd Grade.",Other
1,2,2,"Adam, R.",1861,Customs Department.,English
2,3,3,"Adams, J., Sergeant.",1858,,English
3,4,4,"Ainsworth, J., Sergt.",1867,Dead.,English
4,5,5,"Algar, A., Sapper.",1865,"(Sergt.) Supervisor, 2nd Grade.",English
5,6,6,"Allen, G., Private.",1863,,English
6,7,7,"Allen, J., Private.",1866,,English
7,8,8,Ameer Nath.,1870,"Overseer, 3rd Grade.",Other
8,9,9,"Anderson, J., Hospital Sergeant.",1859,,English
9,10,10,Apurva Krishna Mittir.,1871,,Other
10,11,11,"Armstrong, E., L.-Cpl.",1859,,English
11,12,12,"Armsworth, C., Pte.",1871,,English
12,13,13,"Atchison, J., Corporal.",1853,,Irish
13,14,14,"Atkinson, C., Sergt.",1867,"Supervisor, 2nd Grade.",English
14,15,15,"Austin J., Gunner.",1854,,English
15,16,16,"Austin, G., Sergeant.",1871,,English
16,17,17,Azeez-ood-deen.,1869,"Overseer, 3rd Grade.",Other
17,18,18,Bahal Ray.,1869,"Overseer, 3rd Grade.",Other
18,19,19,"Bailey, F., Corporal.",1860,,English
19,20,21,"Baird, H., Private.",1863,,Scottish
20,21,20,"Baker, A., Sergt.",1851,,English
21,22,,"Barber, J., Lance-Corporal",1871,,English
22,23,23,"Barry, J., Bombadier.",1856,,Irish
23,24,22,"Bartram, J., Corpl.",1862,,English
24,25,24,"Bayliss, R., Lee.-Cpl.",1870,"Overseer, 1st Grade.",English
25,26,25,"Beazley. W., Bomr.",1851,,English
26,27,26,"Beck, H., Sergeant.",1859,,English
27,28,27,"Bedford, E., Gunner.",1867,"(Sergt.) Overseer, 1st Grade.",English
28,29,28,"Beevers, W., Private.",1866,"(Sergt.) Overseer, 1st Grade.",English
29,30,29,"Bennett, T., Corporal.",1861,,English
30,31,30,"Binns, J., Private.",1862,,English
31,32,31,"Blackwell, J., Corpl.",1867,Dead.,English
32,33,32,"Blake, P. G., Private.",1860,"(Sergt.) Supervisor, 2nd Grade.",English
33,34,33,"Blandford, J., Private.",1871,,English
34,35,34,"Bourne, W. Corpl.",1863,On Revenue Survey.,English
35,36,35,"Bradley, T. C., Private.",1868,"Supervisor, 2nd Grade.",English
36,37,37,"Bradshaw, J.",1859,,English
37,38,36,"Bradshaw, T.",1853,,English
38,39,40,"Brady, G., Sergeant.",1867,"Overseer, 1st Grade.",Irish
39,40,38,"Brady, P., Corporal.",1853,,Irish
40,41,39,"Brady, R., Pricate.",1866,Dead.,Irish
41,42,41,"Brandon, A., Private.",1871,,English
42,43,43,"Breslain, J., L.-Corpl.",1868,,Other
43,44,42,"Bretherton, J., Gunner.",1856,,English
44,45,44,"Brien, J. alias P., Gnr.",1853,,Irish
45,46,47,"Brown, J., Corporal.",1854,,Irish
46,47,48,"Brown, J., Corporal.",1856,"(Sub-Conductor,) Sub-Engineer, 3rd Grade.",Irish
47,48,49,"Brown, J., Gunner.",1867,"(Sergt.) Overseer, 1st Grade",Irish
48,49,45,"Browning, T., Private.",1861,,English
49,50,46,"Brownless, J., Lee.-C.",1871,,English
50,51,50,"Buchanan, A., Sergeant.",1863,"Supervisor, 1st Grade.",Scottish
51,52,51,"Buchanan, G., Corpl.",1865,Dead.,Scottish
52,53,52,Buldeo Pershad.,1867,"Overseer, 2nd Grade.",Other
53,54,54,"Burke, P., Corporal.",1860,"(Sergt.) Supervisor, 1st Grade.",Irish
54,55,53,"Burleigh, R., Corporal.",1860,"(Sergt.) Supervisor, 2nd Grade.",English
55,56,55,"Burns, G., Corporal.",1856,,Scottish
56,57,57,"Burton, R. G., Private",1856,"Overseer, 1st Grade.",English
57,58,56,"Butler, M.,",1869,"Overseer, 1st Grade.",English
58,59,60,"Byrne, J., Gunner.",1869,,Irish
59,60,58,"Byrne, M., Private.",1868,,Irish
60,61,59,"Byrne, P., Lee.-Corpl.",1869,,Irish
61,62,61,"Byrne, W., Private",1871,,Irish
62,63,62,Caernarton,1859,,Other
63,64,63,Cahill,1854,,Irish
64,65,64,Cairney,1870,,Irish
65,66,65,Calnan,1871,,Irish
66,67,66,"Calvert, J.",1871,,English
67,68,67,"Cardwell, C., Private.",1866,,English
68,69,68,"Carmichael, A.B., Corpl.",1852,,Scottish
69,70,69,"Carrigan, S. S., Bugler.",1850,,Irish
70,71,70,"Carroll, J. Gunner.",1865,,Irish
71,72,71,"Causley, W., Corporal.",1860,"(Sergt.) Supervisor, 2nd Grade,",English
72,73,72,"Chad, J., Private,",1866,,English
73,74,73,"Chalmers, J., Corpl.",1851,,Scottish
74,75,74,"Chalmers, R., Corporal.",1860,"(Sergt.) Supervisor, 2nd Grade.",Scottish
75,76,75,"Chapman J., Driver.",1866,"(Sergt.) Overseer, 1st Grade.",English
76,77,76,"Chapman, T., Shoeing Smith",1868,"Overseer, 1st Grade.",English
77,78,77,"Charlton, J., Sergt.",1853,,English
78,79,78,"Chill, W. R.",1858,"Supervisor, 2nd Grade.",English
79,80,79,"Chisholm, C., Private.",1863,"Overseer, 1st Grade.",Scottish
80,81,80,"Claney, L., Private.",1871,,Irish
81,82,84,"Clark, J., Corporal.",1853,,English
82,83,83,"Clarke, C., Private.",1871,,Irish
83,84,81,"Clarke, G., Pricate.",1858,Dead.,Irish
84,85,82,"Clarke, J., L.-Corporal.",1867,,Irish
85,86,85,"Clifton, H., Private.",1866,"Supervisor, 2nd Grade.",English
86,87,86,"Clowsley, J.",1868,"Overseer, 2nd Grade.",Other
87,88,87,"Cockburn, J., Corpl.",1865,"(Sergt.) Supervisor, 2nd Grade.",English
88,89,88,"Coldbeck, J., Private.",1862,,English
89,90,89,"Collins, P., Private.",1869,"Overseer, 1st Grade.",English
90,91,90,"Collogher, C., Sergt.",1863,"Supervisor, 2nd Grade.",Other
91,92,91,"Common, G., Private.",1858,,English
92,93,92,"Conduit, H.",1868,"Office of Chief Engr., Irn. Works, N. W. Provinces.",English
93,94,93,"Connolly, R., L.-Corpl.",1868,"Overseer, 1st Grade.",Irish
94,95,94,cook,1867,"Supervisor, 2nd Grade.",English
95,96,95,cook,1869,,English
96,97,96,cooper,1854,,English
97,98,97,cooper,1860,,English
98,99,98,corcoran,1856,,Irish
99,100,,"Corrigan, H., Sergent",1871,,Irish
100,101,99,cousins,1865,,Irish
101,102,100,cowley,1868,,English
102,103,101,"Cox, G. F. F., Bomr.",1853,"(Conductor,) Sub-Engineer, 3rd Grade.",English
103,104,102,"Crampton. J., Corpl.",1871,,English
104,105,103,"Craven, W., Corporal.",1861,,Irish
105,106,104,"Crawshaw, S., L.-Cpl.",1870,"Overseer, 1st Grade.",English
106,107,105,"Culbert, J., Corporal.",1862,Dead.,Irish
107,108,106,"Cummings, W., Trpr.",1856,"(Sergt.) Supervisor, 2nd Grade.",English
108,109,107,"Cunningham, C., Bomr.",1865,Dead.,Scottish
109,110,108,"Daborn, G., Trumpeter.",1869,,English
110,111,109,"Dadson, A., Sapper.",1865,"Supervisor, 2nd Grade.",Other
111,112,113,"Dallas, D., Corpl.",1863,"(Sergt.) Overseer, 1st Grade.",Scottish
112,113,114,"Daly, D., Gunner.",1867,,Irish
113,114,110,"Davidson, J., Sergt.",1849,,English
114,115,111,"Davis, G., Bombardier.",1856,,English
115,116,112,"Davis, J., Private.",1865,"Overseer, 1st Grade.",English
116,117,115,"Deady, D., Corpl.",1851,,Irish
117,118,118,"Dempsey, R., Private.",1870,"Overseer, 1st Grade.",Irish
118,119,117,"Denmade, W., Private.",1871,,Other
119,120,119,"Dennis, F. F., Corpl.",1856,,English
120,121,116,"Dennison, S., L.-Sergt.",1870,"Overseer, 1st Grade.",English
121,122,120,"Devine, J., Lee.-Cpl.",1871,,Irish
122,123,121,Dhian Singh.,1871,,Other
123,124,122,"Dillon, L., Gunner.",1850,,Irish
124,125,126,"Dodd, A., Lee.-Sergt.",1870,"Overseer, 1st Grade.",English
125,126,123,"Donnieson, J., Sapper.",1865,,Other
126,127,124,"Donovan, J., Gunner.",1855,,Irish
127,128,125,"Donovan, J., Private.",1870,"Overseer, 1st Grade.",Irish
128,129,128,"Douglas, G., Sergeant.",1870,"Overseer, 1st Grade.",Scottish
129,130,127,"Douglas, H.",1869,"Overseer, 1st Grade.",Scottish
130,131,129,"Douglas, J.,",1866,"Overseer, 1st Grade.",Scottish
131,132,131,"Douglas, W. E., Corpl.",1871,,Scottish
132,133,130,"Douglas, W., Driver.,",1871,,Scottish
133,134,132,"Downes, J., Private.",1865,"Overseer, 1st Grade.",English
134,135,133,"Doyle, M., Lee.-Cpl.",1871,,Irish
135,136,134,"Doyle, M., Private.",1871,,Irish
136,137,135,"Driver, G., Corporal.",1858,,English
137,138,136,"Drummond, G., Corpl.",1854,Dead.,Scottish
138,139,137,"Duffy, R. J., Trump.",1856,,Irish
139,140,138,Duggan,1853,,Irish
140,141,139,Dukhina Runjeen Mookerjee.,1870,"Overseer, 3rd Grade.",Other
141,142,140,"Dunbar, R., Private.",1868,"Overseer, 1st Grade.",Scottish
142,143,141,"Duncan, M., Gunner.",1852,"(Conductor,) Executive Engineer, 4th Grade.",Scottish
143,144,142,"Dunlop, R., Lee.-Sergt.",1864,,Scottish
144,145,144,"Dwyer, J. Private.",1869,"Overseer, 1st Grade.",Irish
145,146,143,"Dwyer, J., Sergeant.",1862,,Irish
146,147,145,"Edwards, R., Lee.-C.",1871,,English
147,148,147,"Egan, H., Corporal.",1865,,Irish
148,149,146,"Egan, J., Corporal.",1859,,Irish
149,150,148,Elahee Buksh.,1869,"Overseer, 3rd Grade.",Other
150,151,149,"English, T., Private.",1866,"(Sergt.) Supervisor, 2nd Grade.",English
151,152,150,"Evans, C., Gunner.",1867,,Welsh
152,153,151,"Fairley, J., Private.",1867,"(Sergt.) Overseer, 1st Grade, Assistant Master, Thomason College.",Scottish
153,154,152,"Farrell, F., Private.",1870,"Overseer, 1st Grade.",Irish
154,155,153,"Farren, W., Sapper.",1865,,Irish
155,156,154,"Ferrier, W., Gunner.",1866,,English
156,157,155,"Ferris, J., Gunner.",1867,"Overseer, 1st Grade.",Irish
157,158,156,"Finn, J., Sergeant.",1851,Dead.,Irish
158,159,157,"Fitzgerald, G., L.-Cpl.",1870,"Overseer, 1st Grade.",Other
159,160,158,"Fitzhenry, W., Bomr.",1853,,Irish
160,161,159,"Fitzpatrick, P., Gunner.",1850,,Other
161,162,160,"Flynn, M., Sergeant.",1860,,Irish
162,163,161,"Flynn, W. J. Sergeant.",1865,,Irish
163,164,162,"Foley, J., Bombardier.",1858,,Irish
164,165,163,"Forkgen, J., L.-Corpl.",1868,,Other
165,166,164,"Forrest, R., Corporal.",1854,,English
166,167,165,"Forsyth, A., Sergeant.",1862,"Supervisor, 2nd Grade.",Scottish
167,168,166,"Forward, G., Corporal.",1870,Dead.,English
168,169,168,Frazer,1865,,Other
169,170,167,"Frazer, T.",1853,,Other
170,171,169,Freeman,1863,,English
171,172,170,Fryer,1869,"Overseer, 1st Grade.",English
172,173,171,Fullerton,1852,Dead,Irish
173,174,172,Fullwood,1866,,English
174,175,173,"Funnell, G., Gunner.",1866,"Overseer, 1st Grade.",English
175,176,,Futteh Hoosein.,1870,"Overseer, 2nd Grade.",Other
176,177,175,"Gair, D., School Sergt.",1859,,Scottish
177,178,,"Galbraith, A.C., Corpl.",1858,"Supervisor, 2nd Grade.",Scottish
178,179,,"Gardiner T., Bugler.",1855,Dead.,English
179,180,,"Gardner, J., Corporal.",1867,"Overseer, 1st Grade.",English
180,181,,"Gatehouse, W., Gunner.",1856,"Supervisor, 2nd Grade.",English
181,182,180,"Gearing, H., Gunner.",1867,"(Sergt.) Supervisor, 2nd Grade.",English
182,183,,"Geddes, J., Corporal.",1853,,Scottish
183,184,,"Gee, J., Lance-Corpl.",1870,"Overseer, 1st Grade.",Irish
184,185,,"Gerroghty, T., Private.",1869,"Overseer, 1st Grade.",Other
185,186,,"Gibney, J., Private.",1868,"Overseer, 1st Grade.",Irish
186,187,185,"Gilchrist, J., Corporal.",1852,,Irish
187,188,,"Giles, J., Cr.-Sergeant.",1869,"Overseer, 1st Grade.",English
188,189,,"Gill, W., Private.",1861,,English
189,190,,"Gilmore, J., Private.",1858,,Irish
190,191,,Gokul Pershad.,1870,"Overseer, 3rd Grade.",Other
191,192,,Goolab Singh.,1867,"Overseer, 3rd Grade.",Other
192,193,190,Goolam Hoosein.,1871,,Other
193,194,,"Gorman, W., Private.",1861,"(Sergt.) Supervisor, 2nd Grade.",Irish
194,195,,"Grace, J. E., Sergeant.",1855,"(Conductor,) Supervisor, 1st Grade.",English
195,196,,"Graham, C., Gunner.",1869,,Scottish
196,197,,"Graham, D., Corporal.",1860,,Scottish
197,198,,"Graham, J., Corporal.",1853,,Scottish
198,199,195,"Graham, W., Sergeant.",1863,Dead.,Scottish
199,200,,"Grant, S. W., Gunner.",1867,"(Sergt.) Supervisor, 2nd Grade.",Irish
200,201,,"Granville, H., Corpl.",1861,,English
201,202,200,"Gray, J., Lance-Sergt.",1869,"Overseer, 1st Grade.",Irish
202,203,,"Green, G., Corpl.",1852,,English
203,204,,"Green, T., Lee.-Corpl.",1869,"(Sergt.) Overseer, 1st Grade, Assistant Master, Thomason College.",English
204,205,,"Green, T., Lee.-Corpl.",1870,"Overseer, 1st Grade.",English
205,206,,"Greening, T., Bombr.",1866,"(Sergt.) Overseer, 1st Grade.",English
206,207,205,"Gregg, G., Private.",1868,,English
207,208,,"Griffin, T.",1870,"Overseer, 1st Grade.",Welsh
208,209,,"Groves, J., Drummer.",1867,"(Sergt.) Supervisor, 2nd Grade.",English
209,210,208,"Gurd, F., Private.",1870,"Overseer, 1st Grade.",English
210,211,209,"Hackett, A., Corporal.",1866,"(Sergt.) Supervisor, 2nd Grade.",English
211,212,210,"Hall, J., Sergeant,",1859,Dead.,Irish
212,213,,"Halsall, J., Corporal.",1861,Dead.,English
213,214,,"Hamilton, H., Gunner.",1867,"Overseer, 1st Grade.",Irish
214,215,,"Hanley, M., L.-Sergt.",1870,"Overseer, 1st Grade.",Irish
215,216,215,"Hannay, M., Gunner.",1855,,Scottish
216,217,,"Hannay, P., Corpl.",1869,"(Sergt.) Overseer, 1st Grade.",Scottish
217,218,,"Harrington. B. R., Pte.",1871,,English
218,219,,"Hart, T., Corporal.",1860,,English
219,220,,"Harvey, J. E., Private.",1870,,English
220,221,,"Harvey, J., Gunner.",1870,"Overseer, 1st Grade.",English
221,222,220,"Hawthorne, T. D., Gr",1848,,English
222,223,,"Headly, T., Corporal.",1867,,English
223,224,,"Heenan, M., Bomr.",1869,"Overseer, 1st Grade.",Irish
224,225,,Hembrough,1849,,English
225,226,,"Henderson, F.A., Corpl.",1868,,English
226,227,,"Henry, A, Lce-Corpl.",1865,,English
227,228,225,"Henry, G",1868,"Overseer, 3rd Grade.",English
228,229,,"Herbert, J., Private.",1865,"(Sergt.) Supervisor, 2nd Grade.",English
229,230,,"Herdman, W. J. Sergt.",1859,"Sub-Conductor, Supervisor, 1st Grade.",English
230,231,,"Heyward, P., Corporal.",1861,"Accountant, 1st Grade.",English
231,232,230,"Higgins, J., Private.",1869,"Overseer, 1st Grade.",Irish
232,233,,"Highway, E., Private.",1871,,English
233,234,,"Hill, G. F., Private.",1854,,English
234,235,,"Hill, L. G., Corporal.",1862,On Revenue Survey.,English
235,236,,"Hill, W., Tp.-Sergeant-Major.",1869,,English
236,237,235,"Hodges, E.",1868,,English
237,238,,"Hogan, P., Gunner.",1866,,Irish
238,239,,"Horne, F., Bombardier",1869,"(Sergt.) Overseer, 1st Grade, Assistant Master, Thomason College.",English
239,240,,"Hotchkins, E., L.-Cpl.",1870,"Overseer, 1st Grade.",English
240,241,,"Houghton, J., SergtMajor.",1870,"Overseer, 1st Grade.",English
241,242,240,"Howe, C., Gunner.",1865,,English
242,243,241,"Hudson, J.",1870,,English
243,244,242,"Humphreys, D., Corpl.",1860,,English
244,245,,"Hurst, J., Corporal.",1856,,English
245,246,,"Hurst, J., Sergeant.",1859,"Sub-Engineer, 2nd Grade.",English
246,247,245,Hussun Mahomed.,1868,,German
247,248,,"Hyde, W., Corporal.",1860,,English
248,249,,"Imrie, D. B., Corporal.",1865,"(Sergt.) Supervisor, 2nd Grade.",Scottish
249,250,,"Innes, E., Sergeant.",1871,,Scottish
250,251,,"Jackson, A., Private.",1867,"Overseer, 1st Grade.",Irish
251,252,250,"Jackson, R., Private.",1868,"Overseer, 1st Grade.",Irish
252,253,,"Jackson, R., Sergeant.",1860,"Supervisor, 2nd Grade.",Irish
253,254,,"James, L. H., Sergeant",1866,"Overseer, 1st Grade.",English
254,255,,"James, W., Private.",1858,"(Sergt.) Sub-Engineer, 3rd Grade.",English
255,256,,"Jamieson, W., Sapper.",1865,Sappers and Miners.,Scottish
256,257,255,"Jennings, T., Private.",1862,,English
257,258,,"Jess, R., Corporal.",1852,,English
258,259,,"Johnson, J., Private.",1865,"Overseer, 1st Grade.",English
259,260,,"Johnson, W., Bombr.",1852,,English
260,261,,"Johnstone, M., Corpl.",1858,"(Sergt.) Supervisor, 1st Grade.",English
261,262,,"Jones, R., Corporal.",1862,,English
262,263,260,"Jones, T. P., Bomr.",1851,,English
263,264,,"Jones, W., Corporal.",1865,,English
264,265,,"Joyce, J., Corporal.",1858,,English
265,266,,"Jumna Pershad,",1862,,Other
266,267,265,Jwala Sahai.,1867,"Overseer, 3rd Grade.",Other
267,268,,Kalee Churn.,1871,,Other
268,269,,"Kates, W., Driver.",1865,"(Sergt.) Supervisor, 1st Grade.",German
269,270,,"Kavanagh, J. J., Corpl.",1858,,Irish
270,271,,"Kay, G., Sergeant.",1870,"Overseer, 1st Grade.",English
271,272,270,"Keane, J., Staff Sergt.",1858,"(Sub-Conductor) Sub-Engineer, 2nd Grade.",Irish
272,273,,"Kearns, P., L.-Corpl.",1870,"Overseer, 1st Grade.",Irish
273,274,,"Keay, P., Staff Sergt.",1854,"(Ensign) Asst. Engineer, 2nd Grade, Head Master, Thomason College.",Irish
274,275,275,Kedarnath Banerjee.,1871,,Other
275,276,,Kedarnath Mitter.,1869,"Overseer, 3rd Grade.",Other
276,277,,Kedarnath Trufdar.,1862,,Other
277,278,,"keeley, W., Corporal",1869,"Overseer, 1st Grade.",Irish
278,279,,"kelly, J. Corporal",1865,,Irish
279,280,278,"Kelly, J., Gunner.",1870,"Overseer, 1st Grade.",Irish
280,281,280,"Kennedy, J., Private.",1866,,Irish
281,282,,"Kennedy, J.Lee.-Sergt.",1864,,Irish
282,283,,"Kennedy, W., BugleMajor.",1852,,Irish
283,284,,"Kerr, C., Lee.-Corpl.",1865,"(Sergt.) Supervisor, 2nd Grade.",English
284,285,,"Killian, J., Corporal.",1860,,Irish
285,286,,"Kirchhoff, C. D., Pte.",1852,,German
286,287,285,Kirpa Ram.,1871,,Other
287,288,,Koomud N. Mookerjee.,1871,,Other
288,289,,Kristo Chunder.,1866,,Other
289,290,,Kuppoor Singh.,1868,"Overseer, 3rd Grade.",Other
290,291,,"Laing, J., Gunner.",1868,"(Sergt.) Overseer, 1st Grade.",Scottish
291,292,290,"Lane, W. M., Sapper.",1865,,English
292,293,,"Lannon. J. F., Gunner.",1851,,Irish
293,294,,"Lawson, A., Corporal.",1862,On Revenue Survey.,English
294,295,,"Lawson, J., Corporal.",1856,,English
295,296,,"Lee, G. C., Private.",1865,Dead.,English
296,297,295,"Leech, W., Gunner.",1854,,English
297,298,,"Leehy, M., Gunner.",1855,,Other
298,299,,"LeMaistre, E.",1863,"Overseer, 1st Grade.",French
299,300,,"Lemon, R., Corporal",1865,Sappers and Miners,English
300,301,,"Lennox, W., Corporal",1859,Sergt. Supervisor 2nd grade,Irish
301,302,300,"Lessels, J., Lee.-Corpl.",1867,,Scottish
302,303,,"Lester, J., a. Brown.",1851,,English
303,304,,"Lewis, R.",1871,,English
304,305,,"Lindsay, C., Corporal.",1861,"Sub-Engineer, 2nd Grade.",Scottish
305,306,,"Lindsay, R. S., Corpl.",1861,,Scottish
306,307,305,"Lonsdale, E., Gunner.",1852,,English
307,308,,"Lovegrove, D., Bombr.",1871,,English
308,309,,Luchmee Chund.,1871,"Overseer, 1st Grade.",Other
309,310,,"Lynch, J., Private.",1870,"Overseer, 1st Grade.",Irish
310,311,,"Lynch, M., Gunner.",1854,"Sub-Engineer, 1st Grade.",Irish
311,312,,"Lyons, J.",1867,,English
312,313,310,"Macartney, H., Pte.",1868,"Overseer, 1st Grade.",Other
313,314,,"Mackay, E., Corporal.",1852,,Scottish
314,315,,"Macnamara, M., Gunr.",1856,,Other
315,316,313,"Macnamara, P., Corpl.",1856,,Other
316,317,314,"Madhosudan Butcha,",1870,"Overseer, 3rd Grade.",Other
317,318,315,"Mahoney, J., Gunner.",1855,Dead.,Irish
318,319,,"Maitland, C., Private.",1851,,English
319,320,,"Manning, D., Lce.-C.",1871,,Irish
320,321,,"Marr, W., Cr.-Sergt.",1871,,Scottish
321,322,,"Marshall R., Gunner.",1863,Dead.,English
322,323,320,"Marten, H.",1869,"Overseer, 1st Grade.",English
323,324,,"Martin, A. C., Bomr.",1856,,Irish
324,325,,"Martin, J., Sergeant.",1856,,Irish
325,326,,"Martin, W., Corporal.",1860,,Irish
326,327,,"Mathews, H., L.-Sergt.",1868,"Overseer, 1st Grade.",English
327,328,325,"Matthews, F., Sergt.",1858,,Irish
328,329,,"McAlees, J., Gunner.",1868,Dead.,Other
329,330,,"McAllister, R., Sapper.",1865,Sappers and Miners.,Irish
330,331,,"McArthur, G., Sergt.",1860,"(Sub-Conductor,) Supervisor, 2nd Grade.",Scottish
331,332,,"M'Cawley, J., Private.",1862,"(Sergt.) Supervisor, 1st Grade.",Other
332,333,,"McCallum, W., L.-Ser-geant.",1867,"Supervisor, 2nd Grade.",Irish
333,334,,"McCarthy, D., Private.",1861,,Irish
334,335,,"McCarthy, E., Gunner.",1864,,Irish
335,336,330,"McCarthy, T. F., Cpl.",1856,,Irish
336,337,,"McCarty, J., Private.",1868,"(Sergt.) Overseer, 1st Grade.",Irish
337,338,335,"McClusky, J., Bombr.",1852,Dead.,Irish
338,339,,"McCulloch, W., Pricate.",1852,,Scottish
339,340,,"McDermott, A., Pte.",1866,,Irish
340,341,,"McEwen, J., Private.",1863,"Overseer, 1st Grade.",Irish
341,342,,"McGenity, J., Sergeant.",1869,"Overseer, 1st Grade.",Other
342,343,340,"McGilbray, W., Sergt.",1854,Dead.,Other
343,344,,"McGrath, J., Corporal.",1860,,Irish
344,345,,"McGregor, C., Private.",1865,Dead.,Scottish
345,346,,"McGregor, D., Bomr.",1869,"Overseer, 1st Grade.",Scottish
346,347,,"McGuffin, W., Private.",1853,,Irish
347,348,345,"McInerney, T., Corpl.",1853,,Irish
348,349,,"McIntosh, R., L.-Cpl.",1870,"Overseer, 1st Grade.",Scottish
349,350,,"McIntyre, S., Gunner.",1852,,Scottish
350,351,,"McKechnie, J., Gunr.",1854,"Sub-Engineer, 1st Grade.",Irish
351,352,349,"McKennie, S., Gunner",1851,,Scottish
352,353,350,"McKenzie, P., Private.",1865,"(Sergt.) Supervisor, 2nd Grade.",Scottish
353,354,,"McKeown, J., Gunr.",1854,,Irish
354,355,,"McKewen, J. Private",1863,Dead,Irish
355,356,,"McLeod, H.",1871,,Scottish
356,357,,"McLeod, J., Gunner.",1855,,Scottish
357,358,355,"McMahan, J., Private.",1855,,Irish
358,359,,"Mcmahon, J., Gunner",1871,,Irish
359,360,,"McMillan, E., Gunner.",1851,,Scottish
360,361,,"McMillen, W., Corpl.",1858,,Irish
361,362,,"McMinn, I., Bomr.",1869,"Overseer, 1st Grade.",Irish
362,363,,"McNeil, J., Private.",1853,,Irish
363,364,360,"McPhee, A., Sergeant.",1856,Dead.,Scottish
364,365,,"McPherson, H.M.,Pvt.",1858,,Scottish
365,366,,"McPherson, J., Pvte.",1856,"Overseer, 2nd Grade.",Scottish
366,367,,"Meehan, F., L.-Corpl.",1870,"Overseer, 1st Grade.",Irish
367,368,,"Meehan, W., Private.",1855,,Irish
368,369,365,"Meer Mahomed Ziaul,",1869,"Overseer, 3rd Grade.",Other
369,370,,"Merrison, A., Bombr.",1870,"Overseer, 1st Grade.",Other
370,371,,"Mill, W. H., Sergeant.",1865,"Supervisor, 2nd Grade.",English
371,372,,"Miller, J., Corporal.",1860,,English
372,373,,"Miller, R., Corpl.",1865,"(Sergt.) Supervisor, 2nd Grade.",English
373,374,370,"Mills, J., Corporal.",1862,On Revenue Survey.,English
374,375,,"Mitchell, H., Corpi.",1851,"(Conductor,) Supervisor, 1st Grade.",English
375,376,,"Mitchell, W., Gunner.",1852,,English
376,377,,"Mole, J., Gunner.",1853,"(Sub-Conductor,) Sub-Engineer, 2nd Grade.",English
377,378,,"Mollindinia, J., Pvte.",1865,,Other
378,379,375,"Moloney, M., Sergeant.",1858,"Sub-Conductor,) Supervisor, 1st Grade.",Irish
379,380,,"Monck, V. F., Private.",1870,"Overseer, 1st Grade.",English
380,381,,"Monks, W., Lee.-Corpl.",1869,"Overseer, 1st Grade.",English
381,382,,"Montague, C., Corpl.",1871,,English
382,383,,montgomery,1853,,Irish
383,384,380,moore,1868,,English
384,385,,morgan,1867,,Welsh
385,386,,morley,1869,,English
386,387,,moylan,1867,,Irish
387,388,,muir,1860,,Scottish
388,389,,mulcahy,1860,,Irish
389,390,386,"Mulloy, P., Private.",1867,,Irish
390,391,,"Mulvihill, M., Sapper.",1866,,Irish
391,392,,"Munro, C., Gunner.",1864,Sergt. Overseer 1st grade,Scottish
392,393,,"Munro, J., Corpl.",1865,,Scottish
393,394,,"Murphy, J.",1871,,Irish
394,395,,"Murphy, J. Gunner",1851,,Irish
395,396,390,"Murphy, J., Corporal.",1865,Dead.,Irish
396,397,,"Murphy, T., Corporal",1855,,Irish
397,398,,"Murphy, W., Sapper.",1865,,Irish
398,399,,"Murray, F., Corpl.",1854,,Scottish
399,400,,"Murray, J., Gunner.",1855,Dead.,Scottish
400,401,395,"Murtha, E. Corporal.",1871,,Irish
401,402,,"Nelson, J., Gunner.",1860,"Supervisor, 2nd Grade.",English
402,403,,"Nelson, J., Private.",1866,,English
403,404,,"Newitt, S. J., Lee.-C.",1871,,English
404,405,400,"Newland J., Private.",1863,Revenue Survey.,English
405,406,,"Newland, W., Gunner.",1869,"Overseer, 1st Grade.",English
406,407,,"Newman, C. B., Corpl.",1865,Dead.,English
407,408,,"Nicholson, K.",1853,,English
408,409,405,"Nicol, W. H., Gunner.",1864,,Scottish
409,410,,"Nolan, G., Gunner.",1850,"(Lieut.) Executive Engineer, 3rd Grade.",Irish
410,411,,"O'Dongahue, F. E., Gr.",1850,,Irish
411,412,,"O'Donnell, G., Private.",1849,,Irish
412,413,,"O'Donnell, H., Gunr.",1854,,Irish
413,414,410,"Ogle, M., Sergeant.",1849,,English
414,415,,"O'Hagin, Gunner.",1871,,Irish
415,416,,"Ollestad, E., Gunner.",1858,,Other
416,417,,"O'Malley, J., Sergeant.",1861,Dead.,Irish
417,418,,"O'Reilly, W., Private.",1866,,Irish
418,419,415,"Pace, T., Sergeant.",1868,"Overseer, 1st Grade.",English
419,420,,"Paddock, G., Driver.",1871,,English
420,421,,"Pagan, W., Private.",1871,,Spanish
421,422,420,"Parker, W., Sergeant.",1850,,English
422,423,,"Parmeshwaree Dass,",1870,"Overseer, 3rd Grade.",Other
423,424,422,"Parrott, J., Private.",1863,,English
424,425,,"Passanah, A.",1871,,Other
425,426,423,"Patterson, J., Corporal.",1860,,English
426,427,,"Patterson, J., Private.",1864,,English
427,428,,"Paul, J., Private.",1862,,English
428,429,425,"Pearce, G., Private.",1864,,Irish
429,430,,"Pearson, G., Corporal.",1859,,English
430,431,,"Pearson, W., L.-Corpl.",1869,"Overseer, 1st Grade.",English
431,432,,"Pearson, W., Private.",1865,,English
432,433,,"Peart, S., Sergeant.",1866,Supervisor 2nd grade,Scottish
433,434,430,"Pendell, J., Private.",1866,,English
434,435,,"Pendergast, J., Corpl.",1858,,Irish
435,436,,"Pery, W., Sergeant.",1868,,Other
436,437,,"Pethard, J., Private.",1871,,French
437,438,,"Phelan, T., Color-Sgt.",1867,,Irish
438,439,435,"Phillips, J.",1864,,English
439,440,,"Phillips, W., Qr.-Mr.-Sergt.",1866,"Overseer, 1st Grade.",English
440,441,,"Pilkington, W., Sergt.",1860,,English
441,442,,"Platts, F.",1851,,English
442,443,,"Polities, C.",1853,,Other
443,444,440,"Pollock, J., Corporal.",1867,"(Sergt.) Overseer, 1st Grade.",Scottish
444,445,,"Pope, G., Corporal.",1871,,English
445,446,,"Porter, J., Corpl.",1864,,English
446,447,,"Porter, J., Gunner.",1858,,English
447,448,,"Potter, H., Corporal.",1858,"(Sergt.) Supervisor, 1st Grade.",English
448,449,445,"Power, J., Corporal.",1869,"Overseer, 1st Grade.",Irish
449,450,,"Preo Nath Ghose,",1870,"Overseer, 3rd Grade.",Other
450,451,,"Purcell, T., Gunner.",1856,,Irish
451,452,,"Quealey, J., Private.",1869,,Other
452,453,,"Radeliffe, H. C., Tp.-Sergeant-Major.",1868,"Supervisor, 2nd Grade.",Other
453,454,450,Rajcoomer Mookerjee,1869,"Overseer, 3rd Grade.",Other
454,455,,Rajendra Nath Mookerjee.,1870,"Overseer, 3rd Grade.",Other
455,456,,Ram Pershad.,1862,,Other
456,457,,Ram Pershad.,1869,"Overseer, 3rd Grade.",Other
457,458,,"Rea, J. P., Corpl.",1850,,English
458,459,455,"Read, R., L.-Corporal.",1869,"Overseer, 1st Grade.",English
459,460,456,Ready,1859,Dead.,English
460,461,457,"Reid, W., Private.",1867,"Overseer, 1st Grade.",Scottish
461,462,,"Reynolds, H.H.P.,Br.",1851,,English
462,463,,"Reynolds, J., L.-Corpl.",1869,"Overseer, 1st Grade.",English
463,464,460,"Rice, S., Sergeant.",1852,,Welsh
464,465,,"Riddock, C., Corporal.",1860,,Other
465,466,,"Ridsdale, W., Bomr.",1868,"Overseer, 1st Grade.",English
466,467,,"Riley, J., Corporal.",1853,,English
467,468,,"Rivett, W., Private.",1852,,English
468,469,465,"Roberts, J., Gunner.",1848,"(Conductor,) Sub-Engineer, 3rd Grade.",English
469,470,,"Roberts, W., Gunner,",1855,,English
470,471,,"Robertson, J., Private.",1863,,English
471,472,,"Robinson, F., Qr.-Mr.Sergeant.",1869,"Overseer, 1st Grade.",English
472,473,470,"Robinson, G., Corporal.",1860,,English
473,474,,"Robinson, J., Lee.-C.",1871,,English
474,475,,"Robinson, W., Gunner.",1862,,English
475,476,,"Robson, P., Corporal.",1852,"Overseer, 1st Grade.",English
476,477,,"Rogers, S., Private.",1868,,English
477,478,,"Rowe, W., Gunner.",1856,"Overseer, 1st Grade.",English
478,479,475,"Royton, G., Corpl.",1870,,Other
479,480,,Russack Lal Dutt.,1871,,Other
480,481,,"Russell, J., Private.",1867,,Irish
481,482,480,"Ryan, J., Gunner.",1858,"(Sergt.) Supervisor, 2nd Grade.",Irish
482,483,,"Ryan, P., Sergeant.",1862,"Supervisor, 2nd, Grade.",Irish
483,484,,"Ryan, T. Private.",1864,"(Sergt.) Overseer, 1st Grade.",Irish
484,485,,Salig Ram.,1868,,Other
485,486,,Sarreswar Sinha.,1871,,Other
486,487,,"Schofield, C., Private.",1863,,English
487,488,,"Scollard, J., Private.",1868,"Overseer, 1st Grade.",English
488,489,485,"Scotland, F., Corpl.",1851,,English
489,490,,"Scott, A., Corpl.",1863,"Sub-Engineer, 3rd Grade.",Irish
490,491,,"Scott, W., Corporal.",1852,,Irish
491,492,,"Scott, W., Private.",1863,,Irish
492,493,,"Seaward, M., Sapper.",1865,Sappers and Miners.,English
493,494,,Seeta Ram,1871,,Other
494,495,490,"Sexton, P., Gunner.",1849,Dead.,English
495,496,492,"Sharpe, J.H., Gunner.",1855,,English
496,497,,"Sharpe, W.",1853,,English
497,498,493,"Shaw, G., Private.",1869,"(Corpl.) Overseer, 1st Grade.",English
498,499,495,"Sheehan, Gunner.",1855,,Irish
499,500,,"Sheehan, J., Gunner.",1851,,Irish
500,501,,"Shepherd, E., Private.",1868,,English
501,502,,Shoshee Bhooshun Chatterjee.,1869,"Overseer, 3rd Grade.",Other
502,503,,"Sinclair, W., Sapper.",1866,"(Sergt.) Overseer, 1st Grade.",English
503,504,,"Sleater, W., R., Sapper.",1866,Dead.,Other
504,505,,"Smith H., Private.",1867,,English
505,506,,"Smith, C., Private.",1860,,English
506,507,500,"Smith, E.",1858,,English
507,508,,"Smith, S. Private",1871,,English
508,509,,"Smith, T. W., Gunner.",1863,"Overseer, 1st Grade.",English
509,510,,"Smith, T., Trumpeter.",1858,"Sub-Engineer, 3rd Grade.",English
510,511,505,"Southon, J., Gunner.",1864,"Supervisor, 2nd Grade.",English
511,512,,"Sparke, G., Corporal.",1868,"(Sergt.) Overseer, 1st Grade, Assistant Master, Thomason College.",English
512,513,,"Spratt, T., Private.",1869,"Overseer, 1st Grade.",English
513,514,,"St. Aubyn, H., Gunner.",1871,,Other
514,515,,"Stanger, H., Private.",1870,"Overseer, 1st Grade.",English
515,516,,"Stewart, J. A., Gunr.",1856,,English
516,517,,"Stewart, J., L.-Sergt.",1868,,English
517,518,510,"Stewart, J., Private.",1852,,English
518,519,,"Stolle, C., Farrier.",1852,,German
519,520,,"Storrier, J., Lee.-Corpl.",1869,"Overseer, 1st Grade.",English
520,521,515,"Street, W., Corporal.",1862,Dead.,English
521,522,,"Stuart, D., Gunner.",1864,Dead.,Scottish
522,523,,"Sullivan, R., Private.",1865,"(Sergt.) Supervisor, 2nd Grade.",Irish
523,524,,"Swan, C., Corpl.",1850,,English
524,525,,"Tait, W. R., Sapper.",1865,,English
525,526,520,"Talbot, H., Lee.-Cpl.",1871,,Irish
526,527,,"Tarrant, E., Sergeant.",1859,,English
527,528,,"Tate, A., Corpl.",1865,Sappers and Miners.,English
528,529,525,"Taylor, G., Sergeant.",1868,"Overseer, 1st Grade,",Irish
529,530,,"Taylor, W., Corporal.",1854,,Irish
530,531,,"Taylor, W., Gunner.",1855,"(Sergt.) Supervisor, 1st Grade.",Irish
531,532,,"Taylor, W., Private.",1870,,Irish
532,533,527,Teekum,1870,,Other
533,534,528,Tej Rae.,1861,"Overseer, 1st Grade.",Other
534,535,,Tej Rae.,1862,,Other
535,536,530,"Telford, F.H., Private.",1864,Dead.,English
536,537,,"Tennant, E.J., Private.",1864,Dead.,English
537,538,,"Thackwell, R., Pte.",1852,,Other
538,539,,"Thompson, H., Corpl.",1864,,English
539,540,535,"Thompson, T., Lce.-S.",1871,,English
540,541,,"Thompson. J. F., Pte.",1868,,English
541,542,,"Tighe, J., Private.",1866,,Irish
542,543,,"Tobin, T. H., Sergeant.",1870,"Overseer, 1st Grade.",Irish
543,544,,"Tobin, W. T., Sergeant,",1867,"Overseer, 1st Grade.",Irish
544,545,,"Todd, J.",1853,,English
545,546,540,"Todd, J., Lee.-Corpl.",1871,,English
546,547,,"Topple, E. J., L.-Corpl.",1870,"Overseer, 1st Grade.",Other
547,548,,"Tracey, M., Gunner.",1858,"(Sergt.) Sub-Engineer, 3rd Grade.",English
548,549,,"Treadaway, G., Corpl.",1865,(Sergt.) Overseer. 1st Grade.,English
549,550,,"Troup, J., Corporal.",1865,"(Sergt.) Supervisor, 2nd Grade.",Scottish
550,551,545,"Tuck, J. J., Gunner.",1855,,English
551,552,,"Tuer, J., Lee.-Corpl.",1869,"Overseer, 1st Grade.",English
552,553,,"Tuite, W., Corpl.",1865,"(Sergt.) Supervisor, 2nd Grade.",Irish
553,554,,"Turner, J., Gunner.",1865,,English
554,555,,"Turner, W.R., Private.",1870,"Overseer, 1st Grade.",English
555,556,550,"Tyers,J. Barrack Sergt.",1870,"Overseer, 1st Grade.",Other
556,557,,"Tyndall, J., Sergeant.",1858,,English
557,558,,"Vaughan, C., Gunner.",1851,Dead.,Welsh
558,559,,"Virgin, J. R., Corpl.",1849,,English
559,560,,"Walker, C., Private.",1852,,English
560,561,555,"Walker, R., Corpl.",1865,Dead.,English
561,562,,"Walkinshaw, R., Corpl.",1862,Dead.,Scottish
562,563,,"Walsh, M., Bombardier",1871,,Irish
563,564,,"Walshe, F. R., Private",1865,"Sergt.) Supervisor, 2nd Grade.",Irish
564,565,,"Walshe, S. G., Sergt.",1862,,Irish
565,566,560,Watt. D. Corporal.,1865,Sappers and Miners.,English
566,567,,"Websier, J., Pritate.",1861,Dead.,Other
567,568,,"Webster, J.",1871,,English
568,569,,"Wellstead, J., Corpl.",1850,,English
569,570,564,Whelan,1851,,Irish
570,571,565,"Wickens, C., Bomr.",1865,"(Sergt.) Overseer, 1st Grade.",English
571,572,,"Williams, B., Corpl.",1866,,English
572,573,,"Williams, J., Private.",1871,,English
573,574,,"Williams, J., Sergeant.",1861,"Supervisor, 2nd Grade.",English
574,575,,"Williams, W.R.,L.-C.",1871,,English
575,576,570,"Williams,""T., Bombr.",1870,"Overseer, 1st Grade.",Other
576,577,,"Williamson, J., Corpl.",1868,"Overseer, 1st Grade.",English
577,578,,"Willing, J., Private.",1866,"(Sergt.) Overseer, 1st Grade.",German
578,579,575,"Wilson, J., Corporal.",1856,,English
579,580,,"Wilson, J., Private.",1862,,English
580,581,,"Wilson, J.,Gunner.",1868,"(Sergt.) Overseer, 1st Grade.",English
581,582,,"Wilson, T. H., Gunner.",1851,"(Sub-Conductor,) Supervisor, 1st Grade.",English
582,583,,"Wilson, W., Sergeant.",1855,,English
583,584,,"Wiseman, W., Corpl.",1867,"Asst. Engineer, 2nd Grade.",English
584,585,,"Withey, J., Private.",1869,"Overseer, 1st Grade.",English
585,586,580,"Wollaston, D. O., Gr.",1849,,English
586,587,,"Woodville, H., Corpl.",1870,"(Sergt.) Overseer, 1st Grade, Assistant Master, Thomason College.",English
587,588,,"Worth, J., Corporal.",1867,"(Sergt.) Supervisor, 2nd Grade.",English
588,589,,"Wray, H., Gunner.",1862,On Revenue Survey.,English
589,590,,"Wrenn, F., Private.",1866,,Irish
590,591,,"Wrenn, W.",1871,,Irish
591,592,585,"Young, J., Gunner.",1853,,Irish
592,593,,"Young, R., Bombardier.",1869,"Overseer, 1st Grade.",Irish
